{"stats":{"minecraft:dropped":{"minecraft:spruce_sign":1,"minecraft:vine":4,"minecraft:glow_ink_sac":1,"minecraft:golden_helmet":2,"minecraft:cooked_beef":60,"minecraft:light_gray_stained_glass_pane":2,"minecraft:cobblestone":1,"minecraft:red_wool":1,"minecraft:command_block":1,"minecraft:polished_blackstone_button":1,"minecraft:carrot_on_a_stick":1,"minecraft:music_disc_11":6,"minecraft:wooden_axe":1,"minecraft:diamond_helmet":3,"minecraft:red_concrete":2,"minecraft:light_gray_concrete":2,"minecraft:firework_star":8,"minecraft:tipped_arrow":1,"minecraft:hopper":3,"minecraft:ladder":4,"minecraft:bow":10},"minecraft:killed_by":{"minecraft:shulker":1},"minecraft:killed":{"minecraft:shulker":10,"minecraft:horse":1,"minecraft:skeleton":7,"minecraft:ravager":2,"minecraft:zombie":1},"minecraft:custom":{"minecraft:inspect_dropper":10,"minecraft:mob_kills":41,"minecraft:inspect_hopper":59,"minecraft:interact_with_crafting_table":2,"minecraft:open_barrel":9,"minecraft:leave_game":57,"minecraft:time_since_death":77345,"minecraft:damage_resisted":1050,"minecraft:climb_one_cm":141855,"minecraft:sprint_one_cm":407506,"minecraft:walk_one_cm":592465,"minecraft:drop":49,"minecraft:target_hit":34,"minecraft:play_time":886867,"minecraft:deaths":5,"minecraft:sneak_time":74510,"minecraft:walk_under_water_one_cm":18862,"minecraft:boat_one_cm":2060,"minecraft:jump":6078,"minecraft:walk_on_water_one_cm":8989,"minecraft:total_world_time":1349111,"minecraft:play_record":48,"minecraft:time_since_rest":77371,"minecraft:damage_taken":1063,"minecraft:minecart_one_cm":4300,"minecraft:damage_dealt":7203,"minecraft:swim_one_cm":7661,"minecraft:fly_one_cm":10862319,"minecraft:open_chest":8,"minecraft:pig_one_cm":12681,"minecraft:crouch_one_cm":111226,"minecraft:aviate_one_cm":97487,"minecraft:fall_one_cm":447921,"minecraft:inspect_dispenser":30,"minecraft:horse_one_cm":89811},"minecraft:crafted":{"minecraft:firework_star":120,"minecraft:firework_rocket":192},"minecraft:used":{"minecraft:oak_fence":44,"minecraft:moss_block":7,"minecraft:stripped_acacia_wood":128,"minecraft:moss_carpet":32,"minecraft:netherite_sword":74,"minecraft:iron_bars":15,"minecraft:polished_blackstone":7,"minecraft:dispenser":16,"minecraft:flint_and_steel":12,"minecraft:orange_concrete":21,"minecraft:light_gray_stained_glass_pane":111,"minecraft:smooth_quartz_slab":5,"minecraft:red_concrete":329,"minecraft:red_sandstone_slab":1,"minecraft:spruce_slab":58,"minecraft:redstone":94,"minecraft:carrot_on_a_stick":2,"minecraft:ladder":135,"minecraft:elytra":1,"minecraft:light_blue_terracotta":82,"minecraft:spruce_planks":284,"minecraft:chest":4,"minecraft:brown_concrete":25,"minecraft:stone":13,"minecraft:zombie_spawn_egg":1,"minecraft:sculk":1,"minecraft:warped_sign":31,"minecraft:quartz_stairs":1,"minecraft:debug_stick":9,"minecraft:green_terracotta":168,"minecraft:sculk_sensor":20,"minecraft:spruce_leaves":13,"minecraft:oak_door":1,"minecraft:torch":1,"minecraft:orange_stained_glass":14,"minecraft:dirt":63,"minecraft:soul_sand":1,"minecraft:target":32,"minecraft:skeleton_spawn_egg":43,"minecraft:white_carpet":37,"minecraft:hopper":29,"minecraft:spruce_stairs":17,"minecraft:orange_wool":36,"minecraft:diamond_helmet":1,"minecraft:yellow_carpet":1,"minecraft:music_disc_11":48,"minecraft:spruce_fence":110,"minecraft:granite":104,"minecraft:blue_concrete":5,"minecraft:obsidian":69,"minecraft:big_dripleaf":4,"minecraft:glass":280,"minecraft:stone_brick_slab":131,"minecraft:dark_oak_planks":2,"minecraft:honey_block":153,"minecraft:sea_lantern":18,"minecraft:light_gray_stained_glass":80,"minecraft:lime_banner":1,"minecraft:black_stained_glass_pane":12,"minecraft:yellow_stained_glass":28,"minecraft:quartz_slab":8,"minecraft:red_wool":485,"minecraft:spruce_wood":4,"minecraft:lantern":1,"minecraft:rooted_dirt":54,"minecraft:slime_block":1,"minecraft:acacia_slab":38,"minecraft:smooth_quartz":180,"minecraft:dark_oak_button":1,"minecraft:barrel":3,"minecraft:light_gray_wool":6,"minecraft:repeater":28,"minecraft:glowstone":1,"minecraft:red_stained_glass_pane":9,"minecraft:bow":87,"minecraft:lime_concrete":17,"minecraft:snow":5,"minecraft:black_stained_glass":45,"minecraft:magenta_wool":5,"minecraft:magenta_terracotta":38,"minecraft:iron_trapdoor":3,"minecraft:white_stained_glass_pane":75,"minecraft:minecart":9,"minecraft:granite_wall":12,"minecraft:cooked_beef":9,"minecraft:red_dye":16,"minecraft:orange_terracotta":4,"minecraft:orange_stained_glass_pane":5,"minecraft:polished_blackstone_stairs":1,"minecraft:pointed_dripstone":12,"minecraft:dark_oak_stairs":14,"minecraft:water_bucket":42,"minecraft:end_rod":19,"minecraft:amethyst_block":44,"minecraft:spruce_door":1,"minecraft:dropper":1,"minecraft:red_stained_glass":26,"minecraft:polished_andesite":17,"minecraft:dark_oak_sign":8,"minecraft:lime_wool":128,"minecraft:red_nether_bricks":1,"minecraft:ender_pearl":52,"minecraft:birch_boat":3,"minecraft:redstone_block":34,"minecraft:spruce_sign":17,"minecraft:glow_ink_sac":34,"minecraft:calibrated_sculk_sensor":39,"minecraft:oak_leaves":596,"minecraft:white_wool":183,"minecraft:mangrove_trapdoor":2,"minecraft:yellow_terracotta":8,"minecraft:polished_blackstone_pressure_plate":8,"minecraft:dark_oak_trapdoor":1,"minecraft:diamond_block":1,"minecraft:purpur_stairs":17,"minecraft:tnt":14,"minecraft:lime_terracotta":53,"minecraft:rail":35,"minecraft:comparator":2,"minecraft:vine":235,"minecraft:light_blue_concrete":13,"minecraft:dark_prismarine_slab":336,"minecraft:crafting_table":1,"minecraft:light_blue_wool":8,"minecraft:yellow_concrete":49,"minecraft:yellow_stained_glass_pane":49,"minecraft:crossbow":8,"minecraft:shulker_spawn_egg":10,"minecraft:mangrove_sign":1,"minecraft:spruce_log":99,"minecraft:lightning_rod":48,"minecraft:deepslate_tile_wall":2,"minecraft:deepslate_tiles":4,"minecraft:sticky_piston":9,"minecraft:piston":22,"minecraft:acacia_stairs":10,"minecraft:dark_prismarine":192,"minecraft:lever":23,"minecraft:black_concrete":250,"minecraft:black_wool":9,"minecraft:gray_stained_glass_pane":1,"minecraft:command_block":113,"minecraft:light_gray_concrete":687,"minecraft:light_gray_candle":21,"minecraft:brown_wool":84,"minecraft:barrier":612,"minecraft:pig_spawn_egg":2,"minecraft:magenta_concrete":45,"minecraft:red_terracotta":131,"minecraft:spruce_trapdoor":189,"minecraft:iron_door":8,"minecraft:spruce_sapling":8,"minecraft:yellow_wool":185,"minecraft:granite_slab":61,"minecraft:jungle_sign":1,"minecraft:diamond_sword":25,"minecraft:cobblestone":11,"minecraft:orange_banner":1,"minecraft:mud_brick_wall":70,"minecraft:white_banner":25,"minecraft:andesite":37,"minecraft:dark_oak_fence":2,"minecraft:bucket":2,"minecraft:white_stained_glass":140,"minecraft:red_banner":13,"minecraft:chain_command_block":24,"minecraft:chain":30,"minecraft:repeating_command_block":29,"minecraft:smooth_stone_slab":109,"minecraft:polished_blackstone_button":54,"minecraft:white_concrete":157,"minecraft:coarse_dirt":32,"minecraft:gray_stained_glass":5,"minecraft:cobweb":6,"minecraft:purple_wool":43,"minecraft:bone_meal":154,"minecraft:jukebox":46},"minecraft:picked_up":{"minecraft:wooden_axe":1,"minecraft:firework_star":8,"minecraft:ladder":10,"minecraft:diamond_sword":1,"minecraft:quartz_slab":1,"minecraft:white_carpet":4,"minecraft:blue_orchid":2,"minecraft:comparator":1,"minecraft:spruce_planks":1,"minecraft:minecart":1,"minecraft:golden_helmet":2,"minecraft:stick":2,"minecraft:big_dripleaf":2,"minecraft:shulker_spawn_egg":1,"minecraft:music_disc_11":116,"minecraft:pointed_dripstone":3,"minecraft:redstone":6,"minecraft:light_gray_stained_glass_pane":1,"minecraft:arrow":13,"minecraft:red_tulip":1,"minecraft:warped_sign":1,"minecraft:end_rod":1,"minecraft:saddle":1,"minecraft:rail":2,"minecraft:barrier":1,"minecraft:lantern":1,"minecraft:white_banner":4,"minecraft:bone":8,"minecraft:bow":9,"minecraft:wheat_seeds":3,"minecraft:music_disc_far":2,"minecraft:dark_oak_sign":1,"minecraft:diamond_helmet":2,"minecraft:polished_andesite_stairs":1,"minecraft:birch_boat":1,"minecraft:red_wool":1,"minecraft:spruce_sapling":9,"minecraft:polished_andesite":1,"minecraft:lever":1,"minecraft:polished_blackstone_button":18,"minecraft:granite":1,"minecraft:spruce_sign":1,"minecraft:red_concrete":1,"minecraft:hopper":3,"minecraft:shulker_shell":2}},"DataVersion":3465}