{
    "criteria": {
        "placed_music_disc": {
            "trigger": "minecraft:item_used_on_block",
            "conditions": {
                "location": {
                    "block": {
                        "blocks": [
                            "minecraft:jukebox"
                        ],
                        "state": {
                            "has_record": "true"
                        }
                    }
                },
                "item": {
                    "tag": "minecraft:music_discs"
                }
            }
        }
    },
    "rewards": {
        "function": "infinite_music_discs_dp:on_placed_disc"
    }
}